Id,Expected
img0.jpg,nelson_muntz
img1.jpg,bart_simpson
img10.jpg,ned_flanders
img100.jpg,chief_wiggum
img101.jpg,apu_nahasapeemapetilon
img102.jpg,kent_brockman
img103.jpg,bart_simpson
img104.jpg,chief_wiggum
img105.jpg,lisa_simpson
img106.jpg,homer_simpson
img107.jpg,lenny_leonard
img108.jpg,marge_simpson
img109.jpg,kent_brockman
img11.jpg,ned_flanders
img110.jpg,moe_szyslak
img111.jpg,principal_skinner
img112.jpg,marge_simpson
img113.jpg,ned_flanders
img114.jpg,martin_prince
img115.jpg,ned_flanders
img116.jpg,marge_simpson
img117.jpg,nelson_muntz
img118.jpg,comic_book_guy
img119.jpg,mayor_quimby
img12.jpg,homer_simpson
img120.jpg,apu_nahasapeemapetilon
img121.jpg,krusty_the_clown
img122.jpg,krusty_the_clown
img123.jpg,ned_flanders
img124.jpg,edna_krabappel
img125.jpg,apu_nahasapeemapetilon
img126.jpg,chief_wiggum
img127.jpg,apu_nahasapeemapetilon
img128.jpg,ned_flanders
img129.jpg,marge_simpson
img13.jpg,bart_simpson
img130.jpg,homer_simpson
img131.jpg,sideshow_bob
img132.jpg,bart_simpson
img133.jpg,charles_montgomery_burns
img134.jpg,chief_wiggum
img135.jpg,kent_brockman
img136.jpg,abraham_grampa_simpson
img137.jpg,milhouse_van_houten
img138.jpg,ned_flanders
img139.jpg,bart_simpson
img14.jpg,nelson_muntz
img140.jpg,comic_book_guy
img141.jpg,lisa_simpson
img142.jpg,nelson_muntz
img143.jpg,waylon_smithers
img144.jpg,bart_simpson
img145.jpg,apu_nahasapeemapetilon
img146.jpg,mayor_quimby
img147.jpg,bart_simpson
img148.jpg,edna_krabappel
img149.jpg,edna_krabappel
img15.jpg,charles_montgomery_burns
img150.jpg,ned_flanders
img151.jpg,chief_wiggum
img152.jpg,homer_simpson
img153.jpg,charles_montgomery_burns
img154.jpg,marge_simpson
img155.jpg,apu_nahasapeemapetilon
img156.jpg,moe_szyslak
img157.jpg,ned_flanders
img158.jpg,comic_book_guy
img159.jpg,kent_brockman
img16.jpg,chief_wiggum
img160.jpg,sideshow_bob
img161.jpg,bart_simpson
img162.jpg,ned_flanders
img163.jpg,comic_book_guy
img164.jpg,charles_montgomery_burns
img165.jpg,edna_krabappel
img166.jpg,lisa_simpson
img167.jpg,kent_brockman
img168.jpg,ned_flanders
img169.jpg,krusty_the_clown
img17.jpg,milhouse_van_houten
img170.jpg,chief_wiggum
img171.jpg,mayor_quimby
img172.jpg,ned_flanders
img173.jpg,krusty_the_clown
img174.jpg,sideshow_bob
img175.jpg,ned_flanders
img176.jpg,chief_wiggum
img177.jpg,principal_skinner
img178.jpg,sideshow_bob
img179.jpg,krusty_the_clown
img18.jpg,homer_simpson
img180.jpg,krusty_the_clown
img181.jpg,lisa_simpson
img182.jpg,krusty_the_clown
img183.jpg,mayor_quimby
img184.jpg,lisa_simpson
img185.jpg,charles_montgomery_burns
img186.jpg,chief_wiggum
img187.jpg,marge_simpson
img188.jpg,homer_simpson
img189.jpg,kent_brockman
img19.jpg,milhouse_van_houten
img190.jpg,chief_wiggum
img191.jpg,kent_brockman
img192.jpg,marge_simpson
img193.jpg,bart_simpson
img194.jpg,apu_nahasapeemapetilon
img195.jpg,charles_montgomery_burns
img196.jpg,marge_simpson
img197.jpg,apu_nahasapeemapetilon
img198.jpg,moe_szyslak
img199.jpg,apu_nahasapeemapetilon
img2.jpg,mayor_quimby
img20.jpg,marge_simpson
img200.jpg,edna_krabappel
img201.jpg,homer_simpson
img202.jpg,marge_simpson
img203.jpg,abraham_grampa_simpson
img204.jpg,bart_simpson
img205.jpg,edna_krabappel
img206.jpg,milhouse_van_houten
img207.jpg,moe_szyslak
img208.jpg,ned_flanders
img209.jpg,moe_szyslak
img21.jpg,edna_krabappel
img210.jpg,principal_skinner
img211.jpg,ned_flanders
img212.jpg,bart_simpson
img213.jpg,sideshow_bob
img214.jpg,milhouse_van_houten
img215.jpg,apu_nahasapeemapetilon
img216.jpg,mayor_quimby
img217.jpg,charles_montgomery_burns
img218.jpg,bart_simpson
img219.jpg,kent_brockman
img22.jpg,moe_szyslak
img220.jpg,homer_simpson
img221.jpg,marge_simpson
img222.jpg,milhouse_van_houten
img223.jpg,apu_nahasapeemapetilon
img224.jpg,mayor_quimby
img225.jpg,principal_skinner
img226.jpg,barney_gumble
img227.jpg,principal_skinner
img228.jpg,chief_wiggum
img229.jpg,bart_simpson
img23.jpg,chief_wiggum
img230.jpg,moe_szyslak
img231.jpg,sideshow_bob
img232.jpg,ned_flanders
img233.jpg,edna_krabappel
img234.jpg,krusty_the_clown
img235.jpg,kent_brockman
img236.jpg,homer_simpson
img237.jpg,charles_montgomery_burns
img238.jpg,comic_book_guy
img239.jpg,bart_simpson
img24.jpg,chief_wiggum
img240.jpg,nelson_muntz
img241.jpg,ned_flanders
img242.jpg,homer_simpson
img243.jpg,edna_krabappel
img244.jpg,marge_simpson
img245.jpg,kent_brockman
img246.jpg,homer_simpson
img247.jpg,charles_montgomery_burns
img248.jpg,homer_simpson
img249.jpg,sideshow_bob
img25.jpg,apu_nahasapeemapetilon
img250.jpg,comic_book_guy
img251.jpg,mayor_quimby
img252.jpg,bart_simpson
img253.jpg,ned_flanders
img254.jpg,homer_simpson
img255.jpg,bart_simpson
img256.jpg,milhouse_van_houten
img257.jpg,krusty_the_clown
img258.jpg,moe_szyslak
img259.jpg,lisa_simpson
img26.jpg,principal_skinner
img260.jpg,krusty_the_clown
img261.jpg,bart_simpson
img262.jpg,sideshow_bob
img263.jpg,krusty_the_clown
img264.jpg,principal_skinner
img265.jpg,nelson_muntz
img266.jpg,homer_simpson
img267.jpg,abraham_grampa_simpson
img268.jpg,bart_simpson
img269.jpg,chief_wiggum
img27.jpg,principal_skinner
img270.jpg,sideshow_bob
img271.jpg,ned_flanders
img272.jpg,nelson_muntz
img273.jpg,bart_simpson
img274.jpg,mayor_quimby
img275.jpg,principal_skinner
img276.jpg,rainier_wolfcastle
img277.jpg,chief_wiggum
img278.jpg,bart_simpson
img279.jpg,abraham_grampa_simpson
img28.jpg,homer_simpson
img280.jpg,moe_szyslak
img281.jpg,abraham_grampa_simpson
img282.jpg,marge_simpson
img283.jpg,chief_wiggum
img284.jpg,lenny_leonard
img285.jpg,ned_flanders
img286.jpg,kent_brockman
img287.jpg,marge_simpson
img288.jpg,marge_simpson
img289.jpg,kent_brockman
img29.jpg,principal_skinner
img290.jpg,homer_simpson
img291.jpg,snake_jailbird
img292.jpg,apu_nahasapeemapetilon
img293.jpg,bart_simpson
img294.jpg,edna_krabappel
img295.jpg,lisa_simpson
img296.jpg,ned_flanders
img297.jpg,comic_book_guy
img298.jpg,moe_szyslak
img299.jpg,krusty_the_clown
img3.jpg,principal_skinner
img30.jpg,krusty_the_clown
img300.jpg,milhouse_van_houten
img301.jpg,apu_nahasapeemapetilon
img302.jpg,principal_skinner
img303.jpg,sideshow_bob
img304.jpg,ned_flanders
img305.jpg,edna_krabappel
img306.jpg,marge_simpson
img307.jpg,sideshow_bob
img308.jpg,sideshow_bob
img309.jpg,homer_simpson
img31.jpg,comic_book_guy
img310.jpg,edna_krabappel
img311.jpg,homer_simpson
img312.jpg,kent_brockman
img313.jpg,milhouse_van_houten
img314.jpg,apu_nahasapeemapetilon
img315.jpg,moe_szyslak
img316.jpg,apu_nahasapeemapetilon
img317.jpg,edna_krabappel
img318.jpg,marge_simpson
img319.jpg,abraham_grampa_simpson
img32.jpg,charles_montgomery_burns
img320.jpg,nelson_muntz
img321.jpg,principal_skinner
img322.jpg,bart_simpson
img323.jpg,sideshow_bob
img324.jpg,nelson_muntz
img325.jpg,moe_szyslak
img326.jpg,mayor_quimby
img327.jpg,charles_montgomery_burns
img328.jpg,edna_krabappel
img329.jpg,ned_flanders
img33.jpg,marge_simpson
img330.jpg,apu_nahasapeemapetilon
img331.jpg,milhouse_van_houten
img332.jpg,moe_szyslak
img333.jpg,moe_szyslak
img334.jpg,comic_book_guy
img335.jpg,principal_skinner
img336.jpg,lisa_simpson
img337.jpg,krusty_the_clown
img338.jpg,ned_flanders
img339.jpg,principal_skinner
img34.jpg,principal_skinner
img340.jpg,marge_simpson
img341.jpg,bart_simpson
img342.jpg,principal_skinner
img343.jpg,kent_brockman
img344.jpg,mayor_quimby
img345.jpg,principal_skinner
img346.jpg,principal_skinner
img347.jpg,chief_wiggum
img348.jpg,charles_montgomery_burns
img349.jpg,sideshow_bob
img35.jpg,sideshow_bob
img350.jpg,principal_skinner
img351.jpg,homer_simpson
img352.jpg,krusty_the_clown
img353.jpg,homer_simpson
img354.jpg,principal_skinner
img355.jpg,principal_skinner
img356.jpg,homer_simpson
img357.jpg,edna_krabappel
img358.jpg,charles_montgomery_burns
img359.jpg,krusty_the_clown
img36.jpg,chief_wiggum
img360.jpg,principal_skinner
img361.jpg,ned_flanders
img362.jpg,ned_flanders
img363.jpg,chief_wiggum
img364.jpg,principal_skinner
img365.jpg,bart_simpson
img366.jpg,lenny_leonard
img367.jpg,sideshow_bob
img368.jpg,sideshow_bob
img369.jpg,homer_simpson
img37.jpg,homer_simpson
img370.jpg,principal_skinner
img371.jpg,nelson_muntz
img372.jpg,ned_flanders
img373.jpg,ned_flanders
img374.jpg,kent_brockman
img375.jpg,abraham_grampa_simpson
img376.jpg,nelson_muntz
img377.jpg,ned_flanders
img378.jpg,kent_brockman
img379.jpg,bart_simpson
img38.jpg,moe_szyslak
img380.jpg,principal_skinner
img381.jpg,principal_skinner
img382.jpg,bart_simpson
img383.jpg,principal_skinner
img384.jpg,abraham_grampa_simpson
img385.jpg,bart_simpson
img386.jpg,bart_simpson
img387.jpg,bart_simpson
img388.jpg,apu_nahasapeemapetilon
img389.jpg,principal_skinner
img39.jpg,marge_simpson
img390.jpg,bart_simpson
img391.jpg,apu_nahasapeemapetilon
img392.jpg,principal_skinner
img393.jpg,homer_simpson
img394.jpg,ned_flanders
img395.jpg,milhouse_van_houten
img396.jpg,sideshow_bob
img397.jpg,edna_krabappel
img398.jpg,comic_book_guy
img399.jpg,bart_simpson
img4.jpg,bart_simpson
img40.jpg,moe_szyslak
img400.jpg,abraham_grampa_simpson
img401.jpg,chief_wiggum
img402.jpg,krusty_the_clown
img403.jpg,principal_skinner
img404.jpg,charles_montgomery_burns
img405.jpg,principal_skinner
img406.jpg,edna_krabappel
img407.jpg,krusty_the_clown
img408.jpg,comic_book_guy
img409.jpg,kent_brockman
img41.jpg,principal_skinner
img410.jpg,principal_skinner
img411.jpg,krusty_the_clown
img412.jpg,chief_wiggum
img413.jpg,nelson_muntz
img414.jpg,abraham_grampa_simpson
img415.jpg,sideshow_bob
img416.jpg,principal_skinner
img417.jpg,sideshow_bob
img418.jpg,bart_simpson
img419.jpg,lenny_leonard
img42.jpg,comic_book_guy
img420.jpg,principal_skinner
img421.jpg,bart_simpson
img422.jpg,milhouse_van_houten
img423.jpg,principal_skinner
img424.jpg,principal_skinner
img425.jpg,abraham_grampa_simpson
img426.jpg,marge_simpson
img427.jpg,mayor_quimby
img428.jpg,marge_simpson
img429.jpg,kent_brockman
img43.jpg,mayor_quimby
img430.jpg,homer_simpson
img431.jpg,krusty_the_clown
img432.jpg,krusty_the_clown
img433.jpg,milhouse_van_houten
img434.jpg,waylon_smithers
img435.jpg,ned_flanders
img436.jpg,bart_simpson
img437.jpg,principal_skinner
img438.jpg,krusty_the_clown
img439.jpg,ned_flanders
img44.jpg,abraham_grampa_simpson
img440.jpg,sideshow_bob
img441.jpg,marge_simpson
img442.jpg,comic_book_guy
img443.jpg,ned_flanders
img444.jpg,chief_wiggum
img445.jpg,selma_bouvier
img446.jpg,homer_simpson
img447.jpg,comic_book_guy
img448.jpg,mayor_quimby
img449.jpg,sideshow_bob
img45.jpg,ned_flanders
img450.jpg,sideshow_bob
img451.jpg,homer_simpson
img452.jpg,nelson_muntz
img453.jpg,comic_book_guy
img454.jpg,moe_szyslak
img455.jpg,ned_flanders
img456.jpg,charles_montgomery_burns
img457.jpg,ned_flanders
img458.jpg,mayor_quimby
img459.jpg,ned_flanders
img46.jpg,krusty_the_clown
img460.jpg,edna_krabappel
img461.jpg,principal_skinner
img462.jpg,principal_skinner
img463.jpg,homer_simpson
img464.jpg,edna_krabappel
img465.jpg,sideshow_bob
img466.jpg,milhouse_van_houten
img467.jpg,kent_brockman
img468.jpg,sideshow_bob
img469.jpg,principal_skinner
img47.jpg,principal_skinner
img470.jpg,principal_skinner
img471.jpg,gil
img472.jpg,homer_simpson
img473.jpg,sideshow_bob
img474.jpg,milhouse_van_houten
img475.jpg,sideshow_bob
img476.jpg,moe_szyslak
img477.jpg,moe_szyslak
img478.jpg,principal_skinner
img479.jpg,apu_nahasapeemapetilon
img48.jpg,abraham_grampa_simpson
img480.jpg,milhouse_van_houten
img481.jpg,homer_simpson
img482.jpg,mayor_quimby
img483.jpg,principal_skinner
img484.jpg,marge_simpson
img485.jpg,principal_skinner
img486.jpg,homer_simpson
img487.jpg,krusty_the_clown
img488.jpg,ned_flanders
img489.jpg,abraham_grampa_simpson
img49.jpg,milhouse_van_houten
img490.jpg,principal_skinner
img491.jpg,principal_skinner
img492.jpg,lisa_simpson
img493.jpg,principal_skinner
img494.jpg,kent_brockman
img495.jpg,nelson_muntz
img496.jpg,comic_book_guy
img497.jpg,milhouse_van_houten
img498.jpg,charles_montgomery_burns
img499.jpg,bart_simpson
img5.jpg,principal_skinner
img50.jpg,abraham_grampa_simpson
img500.jpg,abraham_grampa_simpson
img501.jpg,abraham_grampa_simpson
img502.jpg,ned_flanders
img503.jpg,krusty_the_clown
img504.jpg,principal_skinner
img505.jpg,lisa_simpson
img506.jpg,sideshow_bob
img507.jpg,homer_simpson
img508.jpg,apu_nahasapeemapetilon
img509.jpg,comic_book_guy
img51.jpg,comic_book_guy
img510.jpg,bart_simpson
img511.jpg,marge_simpson
img512.jpg,charles_montgomery_burns
img513.jpg,lisa_simpson
img514.jpg,chief_wiggum
img515.jpg,krusty_the_clown
img516.jpg,kent_brockman
img517.jpg,krusty_the_clown
img518.jpg,apu_nahasapeemapetilon
img519.jpg,milhouse_van_houten
img52.jpg,milhouse_van_houten
img520.jpg,kent_brockman
img521.jpg,comic_book_guy
img522.jpg,bart_simpson
img523.jpg,bart_simpson
img524.jpg,edna_krabappel
img525.jpg,abraham_grampa_simpson
img526.jpg,milhouse_van_houten
img527.jpg,chief_wiggum
img528.jpg,apu_nahasapeemapetilon
img529.jpg,charles_montgomery_burns
img53.jpg,krusty_the_clown
img530.jpg,ned_flanders
img531.jpg,comic_book_guy
img532.jpg,homer_simpson
img533.jpg,comic_book_guy
img534.jpg,abraham_grampa_simpson
img535.jpg,waylon_smithers
img536.jpg,ned_flanders
img537.jpg,chief_wiggum
img538.jpg,abraham_grampa_simpson
img539.jpg,moe_szyslak
img54.jpg,milhouse_van_houten
img540.jpg,bart_simpson
img541.jpg,homer_simpson
img542.jpg,edna_krabappel
img543.jpg,principal_skinner
img544.jpg,principal_skinner
img545.jpg,principal_skinner
img546.jpg,kent_brockman
img547.jpg,marge_simpson
img548.jpg,homer_simpson
img549.jpg,marge_simpson
img55.jpg,sideshow_bob
img550.jpg,ned_flanders
img551.jpg,ned_flanders
img552.jpg,milhouse_van_houten
img553.jpg,krusty_the_clown
img554.jpg,ned_flanders
img555.jpg,mayor_quimby
img556.jpg,chief_wiggum
img557.jpg,lisa_simpson
img558.jpg,marge_simpson
img559.jpg,milhouse_van_houten
img56.jpg,nelson_muntz
img560.jpg,marge_simpson
img561.jpg,krusty_the_clown
img562.jpg,moe_szyslak
img563.jpg,moe_szyslak
img564.jpg,apu_nahasapeemapetilon
img565.jpg,mayor_quimby
img566.jpg,sideshow_bob
img567.jpg,mayor_quimby
img568.jpg,principal_skinner
img569.jpg,homer_simpson
img57.jpg,charles_montgomery_burns
img570.jpg,apu_nahasapeemapetilon
img571.jpg,ned_flanders
img572.jpg,ned_flanders
img573.jpg,ned_flanders
img574.jpg,moe_szyslak
img575.jpg,abraham_grampa_simpson
img576.jpg,kent_brockman
img577.jpg,abraham_grampa_simpson
img578.jpg,charles_montgomery_burns
img579.jpg,comic_book_guy
img58.jpg,kent_brockman
img580.jpg,krusty_the_clown
img581.jpg,chief_wiggum
img582.jpg,homer_simpson
img583.jpg,principal_skinner
img584.jpg,lenny_leonard
img585.jpg,apu_nahasapeemapetilon
img586.jpg,sideshow_bob
img587.jpg,apu_nahasapeemapetilon
img588.jpg,abraham_grampa_simpson
img589.jpg,principal_skinner
img59.jpg,selma_bouvier
img590.jpg,moe_szyslak
img591.jpg,chief_wiggum
img592.jpg,ned_flanders
img593.jpg,homer_simpson
img594.jpg,kent_brockman
img595.jpg,ned_flanders
img596.jpg,bart_simpson
img597.jpg,krusty_the_clown
img598.jpg,krusty_the_clown
img599.jpg,mayor_quimby
img6.jpg,krusty_the_clown
img60.jpg,principal_skinner
img600.jpg,chief_wiggum
img601.jpg,apu_nahasapeemapetilon
img602.jpg,moe_szyslak
img603.jpg,homer_simpson
img604.jpg,principal_skinner
img605.jpg,comic_book_guy
img606.jpg,abraham_grampa_simpson
img607.jpg,homer_simpson
img608.jpg,apu_nahasapeemapetilon
img609.jpg,lisa_simpson
img61.jpg,chief_wiggum
img610.jpg,sideshow_bob
img611.jpg,homer_simpson
img612.jpg,marge_simpson
img613.jpg,principal_skinner
img614.jpg,mayor_quimby
img615.jpg,ned_flanders
img616.jpg,charles_montgomery_burns
img617.jpg,moe_szyslak
img618.jpg,ned_flanders
img619.jpg,sideshow_bob
img62.jpg,milhouse_van_houten
img620.jpg,krusty_the_clown
img621.jpg,bart_simpson
img622.jpg,marge_simpson
img623.jpg,ned_flanders
img624.jpg,mayor_quimby
img625.jpg,sideshow_bob
img626.jpg,nelson_muntz
img627.jpg,bart_simpson
img628.jpg,ned_flanders
img629.jpg,lenny_leonard
img63.jpg,abraham_grampa_simpson
img630.jpg,bart_simpson
img631.jpg,mayor_quimby
img632.jpg,ned_flanders
img633.jpg,abraham_grampa_simpson
img634.jpg,ned_flanders
img635.jpg,moe_szyslak
img636.jpg,barney_gumble
img637.jpg,abraham_grampa_simpson
img638.jpg,bart_simpson
img639.jpg,homer_simpson
img64.jpg,principal_skinner
img640.jpg,ned_flanders
img641.jpg,sideshow_bob
img642.jpg,moe_szyslak
img643.jpg,chief_wiggum
img644.jpg,apu_nahasapeemapetilon
img645.jpg,sideshow_bob
img646.jpg,chief_wiggum
img647.jpg,marge_simpson
img648.jpg,krusty_the_clown
img649.jpg,marge_simpson
img65.jpg,abraham_grampa_simpson
img650.jpg,sideshow_bob
img651.jpg,ned_flanders
img652.jpg,lenny_leonard
img653.jpg,charles_montgomery_burns
img654.jpg,moe_szyslak
img655.jpg,abraham_grampa_simpson
img656.jpg,ned_flanders
img657.jpg,lisa_simpson
img658.jpg,sideshow_bob
img659.jpg,charles_montgomery_burns
img66.jpg,principal_skinner
img660.jpg,principal_skinner
img661.jpg,ned_flanders
img662.jpg,chief_wiggum
img663.jpg,chief_wiggum
img664.jpg,bart_simpson
img665.jpg,edna_krabappel
img666.jpg,sideshow_bob
img667.jpg,moe_szyslak
img668.jpg,comic_book_guy
img669.jpg,moe_szyslak
img67.jpg,milhouse_van_houten
img670.jpg,charles_montgomery_burns
img671.jpg,kent_brockman
img672.jpg,milhouse_van_houten
img673.jpg,rainier_wolfcastle
img674.jpg,ned_flanders
img675.jpg,charles_montgomery_burns
img676.jpg,ned_flanders
img677.jpg,nelson_muntz
img678.jpg,ned_flanders
img679.jpg,principal_skinner
img68.jpg,mayor_quimby
img680.jpg,kent_brockman
img681.jpg,ned_flanders
img682.jpg,homer_simpson
img683.jpg,sideshow_bob
img684.jpg,principal_skinner
img685.jpg,nelson_muntz
img686.jpg,ned_flanders
img687.jpg,homer_simpson
img688.jpg,moe_szyslak
img689.jpg,bart_simpson
img69.jpg,bart_simpson
img690.jpg,kent_brockman
img691.jpg,nelson_muntz
img692.jpg,charles_montgomery_burns
img693.jpg,milhouse_van_houten
img694.jpg,milhouse_van_houten
img695.jpg,principal_skinner
img696.jpg,apu_nahasapeemapetilon
img697.jpg,krusty_the_clown
img698.jpg,milhouse_van_houten
img699.jpg,bart_simpson
img7.jpg,homer_simpson
img70.jpg,abraham_grampa_simpson
img700.jpg,abraham_grampa_simpson
img701.jpg,kent_brockman
img702.jpg,apu_nahasapeemapetilon
img703.jpg,moe_szyslak
img704.jpg,principal_skinner
img705.jpg,chief_wiggum
img706.jpg,kent_brockman
img707.jpg,milhouse_van_houten
img708.jpg,apu_nahasapeemapetilon
img709.jpg,marge_simpson
img71.jpg,lisa_simpson
img710.jpg,moe_szyslak
img711.jpg,lenny_leonard
img712.jpg,lenny_leonard
img713.jpg,milhouse_van_houten
img714.jpg,charles_montgomery_burns
img715.jpg,nelson_muntz
img716.jpg,mayor_quimby
img717.jpg,moe_szyslak
img718.jpg,apu_nahasapeemapetilon
img719.jpg,principal_skinner
img72.jpg,principal_skinner
img720.jpg,edna_krabappel
img721.jpg,principal_skinner
img722.jpg,mayor_quimby
img723.jpg,homer_simpson
img724.jpg,chief_wiggum
img725.jpg,krusty_the_clown
img726.jpg,ned_flanders
img727.jpg,bart_simpson
img728.jpg,homer_simpson
img729.jpg,bart_simpson
img73.jpg,bart_simpson
img730.jpg,apu_nahasapeemapetilon
img731.jpg,apu_nahasapeemapetilon
img732.jpg,abraham_grampa_simpson
img733.jpg,edna_krabappel
img734.jpg,chief_wiggum
img735.jpg,comic_book_guy
img736.jpg,sideshow_bob
img737.jpg,charles_montgomery_burns
img738.jpg,chief_wiggum
img739.jpg,bart_simpson
img74.jpg,abraham_grampa_simpson
img740.jpg,abraham_grampa_simpson
img741.jpg,mayor_quimby
img742.jpg,edna_krabappel
img743.jpg,edna_krabappel
img744.jpg,abraham_grampa_simpson
img745.jpg,moe_szyslak
img746.jpg,principal_skinner
img747.jpg,milhouse_van_houten
img748.jpg,mayor_quimby
img749.jpg,apu_nahasapeemapetilon
img75.jpg,chief_wiggum
img750.jpg,mayor_quimby
img751.jpg,ned_flanders
img752.jpg,sideshow_bob
img753.jpg,principal_skinner
img754.jpg,chief_wiggum
img755.jpg,charles_montgomery_burns
img756.jpg,comic_book_guy
img757.jpg,chief_wiggum
img758.jpg,krusty_the_clown
img759.jpg,marge_simpson
img76.jpg,ned_flanders
img760.jpg,principal_skinner
img761.jpg,kent_brockman
img762.jpg,sideshow_bob
img763.jpg,abraham_grampa_simpson
img764.jpg,chief_wiggum
img765.jpg,ned_flanders
img766.jpg,bart_simpson
img767.jpg,bart_simpson
img768.jpg,marge_simpson
img769.jpg,moe_szyslak
img77.jpg,edna_krabappel
img770.jpg,abraham_grampa_simpson
img771.jpg,marge_simpson
img772.jpg,sideshow_bob
img773.jpg,abraham_grampa_simpson
img774.jpg,lisa_simpson
img775.jpg,milhouse_van_houten
img776.jpg,nelson_muntz
img777.jpg,kent_brockman
img778.jpg,principal_skinner
img779.jpg,principal_skinner
img78.jpg,charles_montgomery_burns
img780.jpg,sideshow_bob
img781.jpg,principal_skinner
img782.jpg,nelson_muntz
img783.jpg,abraham_grampa_simpson
img784.jpg,chief_wiggum
img785.jpg,milhouse_van_houten
img786.jpg,ned_flanders
img787.jpg,principal_skinner
img788.jpg,kent_brockman
img789.jpg,edna_krabappel
img79.jpg,mayor_quimby
img790.jpg,comic_book_guy
img791.jpg,charles_montgomery_burns
img792.jpg,chief_wiggum
img793.jpg,bart_simpson
img794.jpg,sideshow_bob
img795.jpg,ned_flanders
img796.jpg,nelson_muntz
img797.jpg,moe_szyslak
img798.jpg,principal_skinner
img799.jpg,sideshow_bob
img8.jpg,principal_skinner
img80.jpg,milhouse_van_houten
img800.jpg,abraham_grampa_simpson
img801.jpg,charles_montgomery_burns
img802.jpg,chief_wiggum
img803.jpg,milhouse_van_houten
img804.jpg,edna_krabappel
img805.jpg,milhouse_van_houten
img806.jpg,milhouse_van_houten
img807.jpg,charles_montgomery_burns
img808.jpg,principal_skinner
img809.jpg,edna_krabappel
img81.jpg,principal_skinner
img810.jpg,mayor_quimby
img811.jpg,comic_book_guy
img812.jpg,sideshow_bob
img813.jpg,bart_simpson
img814.jpg,kent_brockman
img815.jpg,principal_skinner
img816.jpg,marge_simpson
img817.jpg,charles_montgomery_burns
img818.jpg,homer_simpson
img819.jpg,milhouse_van_houten
img82.jpg,abraham_grampa_simpson
img820.jpg,ned_flanders
img821.jpg,moe_szyslak
img822.jpg,marge_simpson
img823.jpg,ned_flanders
img824.jpg,homer_simpson
img825.jpg,comic_book_guy
img826.jpg,apu_nahasapeemapetilon
img827.jpg,comic_book_guy
img828.jpg,homer_simpson
img829.jpg,sideshow_bob
img83.jpg,homer_simpson
img830.jpg,sideshow_bob
img831.jpg,chief_wiggum
img832.jpg,nelson_muntz
img833.jpg,sideshow_bob
img834.jpg,sideshow_bob
img835.jpg,principal_skinner
img836.jpg,edna_krabappel
img837.jpg,bart_simpson
img838.jpg,kent_brockman
img839.jpg,charles_montgomery_burns
img84.jpg,chief_wiggum
img840.jpg,waylon_smithers
img841.jpg,abraham_grampa_simpson
img842.jpg,ned_flanders
img843.jpg,charles_montgomery_burns
img844.jpg,krusty_the_clown
img845.jpg,principal_skinner
img846.jpg,comic_book_guy
img847.jpg,marge_simpson
img848.jpg,charles_montgomery_burns
img849.jpg,moe_szyslak
img85.jpg,marge_simpson
img850.jpg,sideshow_bob
img851.jpg,principal_skinner
img852.jpg,bart_simpson
img853.jpg,principal_skinner
img854.jpg,barney_gumble
img855.jpg,kent_brockman
img856.jpg,mayor_quimby
img857.jpg,homer_simpson
img858.jpg,sideshow_bob
img859.jpg,homer_simpson
img86.jpg,lisa_simpson
img860.jpg,principal_skinner
img861.jpg,charles_montgomery_burns
img862.jpg,marge_simpson
img863.jpg,moe_szyslak
img864.jpg,edna_krabappel
img865.jpg,krusty_the_clown
img866.jpg,marge_simpson
img867.jpg,moe_szyslak
img868.jpg,krusty_the_clown
img869.jpg,lisa_simpson
img87.jpg,abraham_grampa_simpson
img870.jpg,nelson_muntz
img871.jpg,milhouse_van_houten
img872.jpg,milhouse_van_houten
img873.jpg,comic_book_guy
img874.jpg,milhouse_van_houten
img875.jpg,homer_simpson
img876.jpg,apu_nahasapeemapetilon
img877.jpg,ned_flanders
img878.jpg,sideshow_bob
img879.jpg,abraham_grampa_simpson
img88.jpg,chief_wiggum
img880.jpg,lisa_simpson
img881.jpg,bart_simpson
img882.jpg,kent_brockman
img883.jpg,homer_simpson
img884.jpg,marge_simpson
img885.jpg,bart_simpson
img886.jpg,principal_skinner
img887.jpg,homer_simpson
img888.jpg,chief_wiggum
img889.jpg,principal_skinner
img89.jpg,sideshow_bob
img890.jpg,ned_flanders
img891.jpg,principal_skinner
img892.jpg,krusty_the_clown
img893.jpg,homer_simpson
img894.jpg,sideshow_bob
img895.jpg,principal_skinner
img896.jpg,homer_simpson
img897.jpg,sideshow_bob
img898.jpg,moe_szyslak
img899.jpg,ned_flanders
img9.jpg,moe_szyslak
img90.jpg,nelson_muntz
img900.jpg,marge_simpson
img901.jpg,apu_nahasapeemapetilon
img902.jpg,moe_szyslak
img903.jpg,homer_simpson
img904.jpg,barney_gumble
img905.jpg,principal_skinner
img906.jpg,principal_skinner
img907.jpg,ned_flanders
img908.jpg,moe_szyslak
img909.jpg,sideshow_bob
img91.jpg,ned_flanders
img910.jpg,moe_szyslak
img911.jpg,chief_wiggum
img912.jpg,mayor_quimby
img913.jpg,abraham_grampa_simpson
img914.jpg,bart_simpson
img915.jpg,marge_simpson
img916.jpg,mayor_quimby
img917.jpg,ned_flanders
img918.jpg,krusty_the_clown
img919.jpg,sideshow_bob
img92.jpg,krusty_the_clown
img920.jpg,sideshow_bob
img921.jpg,lenny_leonard
img922.jpg,principal_skinner
img923.jpg,abraham_grampa_simpson
img924.jpg,homer_simpson
img925.jpg,krusty_the_clown
img926.jpg,mayor_quimby
img927.jpg,mayor_quimby
img928.jpg,kent_brockman
img929.jpg,sideshow_bob
img93.jpg,bart_simpson
img930.jpg,comic_book_guy
img931.jpg,ned_flanders
img932.jpg,edna_krabappel
img933.jpg,edna_krabappel
img934.jpg,chief_wiggum
img935.jpg,kent_brockman
img936.jpg,milhouse_van_houten
img937.jpg,edna_krabappel
img938.jpg,bart_simpson
img939.jpg,milhouse_van_houten
img94.jpg,bart_simpson
img940.jpg,kent_brockman
img941.jpg,homer_simpson
img942.jpg,principal_skinner
img943.jpg,moe_szyslak
img944.jpg,comic_book_guy
img945.jpg,homer_simpson
img946.jpg,ned_flanders
img947.jpg,bart_simpson
img948.jpg,comic_book_guy
img949.jpg,krusty_the_clown
img95.jpg,chief_wiggum
img950.jpg,lisa_simpson
img951.jpg,principal_skinner
img952.jpg,marge_simpson
img953.jpg,sideshow_bob
img954.jpg,ned_flanders
img955.jpg,mayor_quimby
img956.jpg,homer_simpson
img957.jpg,moe_szyslak
img958.jpg,apu_nahasapeemapetilon
img959.jpg,homer_simpson
img96.jpg,principal_skinner
img960.jpg,milhouse_van_houten
img961.jpg,sideshow_bob
img962.jpg,krusty_the_clown
img963.jpg,principal_skinner
img964.jpg,marge_simpson
img965.jpg,moe_szyslak
img966.jpg,edna_krabappel
img967.jpg,milhouse_van_houten
img968.jpg,principal_skinner
img969.jpg,milhouse_van_houten
img97.jpg,krusty_the_clown
img970.jpg,ned_flanders
img971.jpg,ned_flanders
img972.jpg,homer_simpson
img973.jpg,mayor_quimby
img974.jpg,ned_flanders
img975.jpg,sideshow_bob
img976.jpg,bart_simpson
img977.jpg,principal_skinner
img978.jpg,homer_simpson
img979.jpg,nelson_muntz
img98.jpg,principal_skinner
img980.jpg,ned_flanders
img981.jpg,homer_simpson
img982.jpg,principal_skinner
img983.jpg,bart_simpson
img984.jpg,apu_nahasapeemapetilon
img985.jpg,chief_wiggum
img986.jpg,sideshow_bob
img987.jpg,principal_skinner
img988.jpg,ned_flanders
img989.jpg,charles_montgomery_burns
img99.jpg,chief_wiggum
img990.jpg,krusty_the_clown
